Year,Very Low Food_Insecurity
2022,0.04061775282025340
2021,0.03769588842988010
2020,0.03769588842988010
2019,0.03769588842988010
2018,0.03769588842988010
2017,0.03500000014901160
2016,0.03500000014901160
2015,0.03500000014901160
2014,0.03500000014901160